store,sku,ml_fill,naive_fill,ml_inv,naive_inv
S00,SKU000,1.0,1.0,65.99779538306423,77.70894387387544
S00,SKU001,1.0,1.0,105.21373483497233,119.66346698288307
S00,SKU002,1.0,0.9980697434983287,70.65512292259895,93.36175041860379
S00,SKU003,1.0,1.0,83.41384688224272,120.48738708477727
S00,SKU004,1.0,1.0,102.37167976709316,119.84302508762373
S00,SKU005,1.0,1.0,92.49526740911017,128.11332782771848
S00,SKU006,1.0,1.0,129.2161861630991,174.36595523878896
S00,SKU007,1.0,1.0,118.80026246950386,141.5952002958839
S00,SKU008,1.0,1.0,50.5093510006716,57.93222757108942
S00,SKU009,1.0,1.0,79.2538587514059,85.15516889766454
S00,SKU010,1.0,1.0,119.13245904448875,151.8100469066273
S00,SKU011,1.0,1.0,68.78821200127615,81.27878496289854
S01,SKU000,1.0,1.0,102.9796834562543,105.74731837008997
S01,SKU001,1.0,1.0,56.83853593774206,67.47292815213112
S01,SKU002,1.0,0.9984170938682432,89.17108541225682,98.25385356580657
S01,SKU003,1.0,1.0,97.96576726040338,135.8348939017907
S01,SKU004,1.0,1.0,21.287484265827402,24.027274383098952
S01,SKU005,1.0,1.0,93.33476254497778,89.36030529374125
S01,SKU006,1.0,1.0,131.1006613179074,130.13319434465012
S01,SKU007,1.0,1.0,21.788951539442085,23.57502163234526
S01,SKU008,1.0,1.0,31.867494698163622,41.254065462846086
S01,SKU009,1.0,1.0,60.50628412478239,75.75916150089745
S01,SKU010,1.0,0.9969008065241914,20.201715431900983,22.0800166938212
S01,SKU011,1.0,1.0,57.17257488784845,63.10889911144757
S02,SKU000,1.0,0.9983279060887248,133.5186762483792,170.35505792564865
S02,SKU001,1.0,0.9988613133688036,107.45536084976841,145.36272190943097
S02,SKU002,1.0,1.0,53.95226246546633,62.37288068985156
S02,SKU003,1.0,0.993866401056552,82.40575493831307,92.18947855141053
S02,SKU004,1.0,0.9989118815424125,96.90529367514556,115.77669643388599
S02,SKU005,1.0,1.0,72.1264891070733,64.2579870235418
S02,SKU006,1.0,1.0,70.03655956985297,102.29845289837634
S02,SKU007,1.0,1.0,99.05480159166515,147.94766451578403
S02,SKU008,1.0,1.0,88.41726728081858,106.78731487767655
S02,SKU009,1.0,1.0,26.074601682001056,31.95948593804442
S02,SKU010,1.0,1.0,130.72250651493627,157.62869670839422
S02,SKU011,1.0,1.0,75.18007058450988,97.14265830916843
